{"stats":{"minecraft:picked_up":{"minecraft:polished_granite":1,"minecraft:stick":2,"minecraft:bee_nest":1,"findblocks:tepolium_block":133,"minecraft:wheat_seeds":4,"minecraft:gravel":161,"minecraft:grass":1,"minecraft:egg":4,"minecraft:dirt":54,"minecraft:cobblestone":23},"minecraft:used":{"minecraft:torch":5,"findblocks:load_block":102,"minecraft:water_bucket":24,"findblocks:tepolium_block":3318,"minecraft:dirt":218,"minecraft:cobblestone":102,"minecraft:tnt":17,"minecraft:grass_block":293,"minecraft:acacia_leaves":1,"minecraft:egg":51,"minecraft:polished_granite":239,"minecraft:grass":1,"minecraft:gravel":180},"minecraft:custom":{"minecraft:time_since_rest":346002,"minecraft:play_one_minute":346002,"minecraft:crouch_one_cm":50257,"minecraft:sprint_one_cm":271788,"minecraft:walk_one_cm":374084,"minecraft:sneak_time":14795,"minecraft:walk_under_water_one_cm":4276,"minecraft:drop":13,"minecraft:jump":1766,"minecraft:damage_dealt":98,"minecraft:leave_game":136,"minecraft:time_since_death":346002,"minecraft:walk_on_water_one_cm":97367,"minecraft:fly_one_cm":3076237,"minecraft:horse_one_cm":651},"minecraft:dropped":{"minecraft:grass":2,"minecraft:wheat_seeds":4,"minecraft:acacia_leaves":1,"minecraft:polished_granite":1,"minecraft:egg":1,"findblocks:tepolium_block":1,"minecraft:bee_nest":1,"minecraft:stick":2}},"DataVersion":2230}