{"stats":{"minecraft:dropped":{"minecraft:sand":5,"minecraft:red_wool":1},"minecraft:picked_up":{"minecraft:sand":2},"minecraft:used":{"findblocks:tepolium_block":530,"minecraft:sand":32},"minecraft:custom":{"minecraft:jump":368,"minecraft:time_since_rest":37621,"minecraft:play_one_minute":37621,"minecraft:crouch_one_cm":2858,"minecraft:leave_game":14,"minecraft:sprint_one_cm":32067,"minecraft:time_since_death":37621,"minecraft:walk_on_water_one_cm":625,"minecraft:walk_one_cm":100807,"minecraft:sneak_time":1073,"minecraft:walk_under_water_one_cm":805,"minecraft:drop":6,"minecraft:fly_one_cm":86821}},"DataVersion":2230}