{"stats":{"minecraft:custom":{"minecraft:jump":215,"minecraft:time_since_rest":96826,"minecraft:damage_dealt":10,"minecraft:crouch_one_cm":299,"minecraft:play_one_minute":96826,"minecraft:leave_game":250,"minecraft:sprint_one_cm":7622,"minecraft:time_since_death":96826,"minecraft:walk_one_cm":141098,"minecraft:sneak_time":493,"minecraft:fly_one_cm":73143},"minecraft:used":{"minecraft:birch_sign":7,"minecraft:sandstone":21,"findblocks:tepolium_block":419,"minecraft:bricks":114}},"DataVersion":2230}